"username","time","tweet"
"leavewithasong","Thu Oct 03 15:09:37 +0000 2013","Time to study. #yay #not"
"leavewithasong","Thu Oct 03 12:18:51 +0000 2013","@proudjonasgirl are you basically telling yourself you love you? :D"
"leavewithasong","Wed Oct 02 20:34:16 +0000 2013","@coleyy2 you go girl!"
"leavewithasong","Wed Oct 02 19:37:26 +0000 2013","I'm trying to watch X-Factor but this stream takes forever to load."
"leavewithasong","Wed Oct 02 19:35:57 +0000 2013","@taylaxo_ if people actually retweet or believe that there is a 11/31 I'm gonna burry myself"
"leavewithasong","Wed Oct 02 19:34:34 +0000 2013","Can you STOP to fucking SPAM my timeline. I don't have time for your shit to get noticed by some irrelevant person."
"leavewithasong","Wed Oct 02 18:58:28 +0000 2013","@someoneoutwhere yes it is"
"leavewithasong","Wed Oct 02 18:21:55 +0000 2013","Omg why is tumblr so slow"
"leavewithasong","Wed Oct 02 18:08:52 +0000 2013","I have so much work to do over the weekend urg"
"leavewithasong","Wed Oct 02 18:01:28 +0000 2013","@JoickAddict love you more and you're welcome!"
"DwarvenWidow","Wed Oct 02 17:55:40 +0000 2013","Sarah is the freaking best. Helping me with my homework. I love you so much @leavewithasong"
"leavewithasong","Wed Oct 02 17:53:59 +0000 2013","Doing homework with @JoickAddict yep that's how our friendship works hahaha"
"JoBros_Germany","Wed Oct 02 17:47:38 +0000 2013","Ab heute gibt es endlich #FirstTime auf #iTunes zu kaufen.
Falls ihr es euch noch nicht vorbestellt habt, schaut... http://t.co/XKeLalluTR"
"leavewithasong","Wed Oct 02 15:21:22 +0000 2013","It's so cool that I can text with @TimberWolf0108 every day now :)"
"leavewithasong","Wed Oct 02 15:14:54 +0000 2013","Thank god we finally have a German edition of @harpersbazaarus #harpersbazaar"
"leavewithasong","Wed Oct 02 15:11:06 +0000 2013","Hey there, favorite magazine. ‚ù§Ô∏è http://t.co/GvwSi1bLgF"
"leavewithasong","Wed Oct 02 14:48:32 +0000 2013","Just figured out that @iKleptomaniacx is the real Gossip Girl. They lied to us."
"leavewithasong","Wed Oct 02 14:47:42 +0000 2013","‚Äú@iKleptomaniacx: @leavewithasong xoxoxox‚Äù you know you love me xoxo Gossip Girl"
"leavewithasong","Wed Oct 02 14:35:35 +0000 2013","‚Äú@iKleptomaniacx: remember when I made people think Nick was coming to study at my college rip‚Äù meany but that's why i like you so much."
"leavewithasong","Wed Oct 02 14:34:48 +0000 2013","@LetskilltheDJ 18, beat ya. üòÑ"
"leavewithasong","Wed Oct 02 13:21:22 +0000 2013","@LetskilltheDJ freu dich auf mehr von solchen Vorlesungen üëç wie viele seid ihr so einer Vorlesung?"
"leavewithasong","Wed Oct 02 11:20:42 +0000 2013","@someoneoutwhere 5c?"
"leavewithasong","Wed Oct 02 07:12:42 +0000 2013","@niina_k das gibt sich alles :) bist ja auch noch nicht lange da aber freut mich das es dir gef√§llt! :)"
"leavewithasong","Wed Oct 02 06:52:02 +0000 2013","@niina_k wie gef√§llts dir denn? Familie ok? :)"
"leavewithasong","Tue Oct 01 21:27:24 +0000 2013","@proudjonasgirl in Deutsch?"
"leavewithasong","Tue Oct 01 21:14:46 +0000 2013","I'm so tired. Help me."
"leavewithasong","Tue Oct 01 19:09:23 +0000 2013","Finally got it ‚ù§Ô∏è http://t.co/AMrIsqsX21"
"leavewithasong","Tue Oct 01 18:05:41 +0000 2013","@coleyy2 thank you, doll!"
"leavewithasong","Tue Oct 01 17:58:31 +0000 2013","@coleyy2 the other new songs are a bomb though... They're just bad at making right decisions."
"leavewithasong","Tue Oct 01 17:37:19 +0000 2013","@TimberWolf0108 send me your phone number via dm and I'll text you haha :)"
"leavewithasong","Tue Oct 01 17:37:11 +0000 2013","@coleyy2 i wanna go back so badly! Things with my mom get worse urg"
"leavewithasong","Tue Oct 01 17:02:34 +0000 2013","@TimberWolf0108 yeah you have to go to settings-&gt; messages -&gt; iMessage on then it'll work :)"
"leavewithasong","Tue Oct 01 16:47:23 +0000 2013","@TimberWolf0108 yaaay! Die you get iMessage? We could talk via text messages :)"
"leavewithasong","Tue Oct 01 13:55:52 +0000 2013","Btw I hate one of the girls i have to take home with me so yay to that"
"leavewithasong","Tue Oct 01 13:55:06 +0000 2013","I need to see @boobsmyuncle again asap!"
"leavewithasong","Tue Oct 01 13:54:14 +0000 2013","AND MY PHONE IS ON 15% FUCK THIS"
"leavewithasong","Tue Oct 01 13:51:45 +0000 2013","(i'm usually done at 4 as well but he let us out early today)"
"leavewithasong","Tue Oct 01 13:50:53 +0000 2013","Have to wait another 10 minutes because I said to a friend I'll take her home with me and her class isn't over till 4 urg"
"leavewithasong","Tue Oct 01 12:05:40 +0000 2013","@InBedWithJonas and I didn't listen to Bangerz just yet so idk haha"
"leavewithasong","Tue Oct 01 12:05:29 +0000 2013","@InBedWithJonas you can't! Stars Dance is pretty much a dance/party album. Demi is more personal but still a little rock."
"blahblahblanda","Tue Oct 01 09:14:12 +0000 2013","@JonasFreaak uhmm..I am actually the one who is thirdwheeling! üòÇ"
"leavewithasong","Tue Oct 01 06:47:25 +0000 2013","‚Äú@boobsmyuncle: Finally getting a new apartment door.‚Äù Uhhh was about time!!!"
"leavewithasong","Tue Oct 01 06:30:25 +0000 2013","One of my classes got canceled today i'm not thrilled about it."
"leavewithasong","Tue Oct 01 04:33:04 +0000 2013","Why are people so cruel and make you come to class at 8am?"
"leavewithasong","Mon Sep 30 21:14:23 +0000 2013","This is falling in love in the cruelest way, this is falling for you and you are worlds away."
"leavewithasong","Mon Sep 30 20:58:15 +0000 2013","@coleyy2 i loved it! It was so good to meet new people get out of my routine and just being away from home for a month!"
"leavewithasong","Mon Sep 30 20:36:18 +0000 2013","It's not like he's going to date any of you anyways. Welcome to reality. ‚ù§Ô∏è"
"leavewithasong","Mon Sep 30 20:35:22 +0000 2013","Can Nick stans stop being pathetic over his relationship and Olivia? He's obviously happy so let him be."
"leavewithasong","Mon Sep 30 20:32:53 +0000 2013","@TeamJonasFr god bless you! Thank you very much"
